web_scraper_order,web_scraper_start_url,pagination,data,data2,data3,data4,data5,data6,data7,data8,data9,data10,data11,image
"1777055575-1","https://www.booking.com/searchresults.html?label=bristol-XLwodozx2dVe8Ts0XeYuawS752260715469%3Apl%3Ata%3Ap1%3Ap2%3Aac%3Aap%3Aneg%3Afi%3Atikwd-869815001187%3Alp1009919%3Ali%3Adec%3Adm%3Appccp%3DUmFuZG9tSVYkc2RlIyh9YXdX6HrtnYy-Ml68sH-ljtU&aid=311984&dest_id=198&dest_type=country&group_adults=2&req_adults=2&no_rooms=1&broad_search_not_eligible=1&order=score&nflt=ht_id%3D204%3Bht_id%3D213%3Bht_id%3D216%3Bht_id%3D220%3Bht_id%3D221%3Btop_destinations%3D5510%3Bpopular_nearby_landmarks%3D900053661%3Bpopular_nearby_landmarks%3D900070379%3Bpopular_nearby_landmarks%3D900069601%3Bpopular_nearby_landmarks%3D900059529%3Bpopular_nearby_landmarks%3D900069602%3Bpopular_nearby_landmarks%3D900069603","","Geoffrey Bawa's Home Number 11","Colombo","Scored 9.8","9.8","Geoffrey Bawa's Home Number 11 enjoys a location in Colombo, 3.3 miles from Khan Clock Tower and 3.6 miles from R Premadasa Stadium. With city views, this accommodation features a terrace.","· 145 reviews","Value for money 8.8","Opens in new window","Show prices","Exceptional","Show on map","https://cf.bstatic.com/xdata/images/hotel/square600/153923171.webp?k=7b6d234ef8f02c8c70db94c99d6340ceef1dfc386b29ddb7bf64793b3f59d1e6&o="
"1777055575-2","https://www.booking.com/searchresults.html?label=bristol-XLwodozx2dVe8Ts0XeYuawS752260715469%3Apl%3Ata%3Ap1%3Ap2%3Aac%3Aap%3Aneg%3Afi%3Atikwd-869815001187%3Alp1009919%3Ali%3Adec%3Adm%3Appccp%3DUmFuZG9tSVYkc2RlIyh9YXdX6HrtnYy-Ml68sH-ljtU&aid=311984&dest_id=198&dest_type=country&group_adults=2&req_adults=2&no_rooms=1&broad_search_not_eligible=1&order=score&nflt=ht_id%3D204%3Bht_id%3D213%3Bht_id%3D216%3Bht_id%3D220%3Bht_id%3D221%3Btop_destinations%3D5510%3Bpopular_nearby_landmarks%3D900053661%3Bpopular_nearby_landmarks%3D900070379%3Bpopular_nearby_landmarks%3D900069601%3Bpopular_nearby_landmarks%3D900059529%3Bpopular_nearby_landmarks%3D900069602%3Bpopular_nearby_landmarks%3D900069603","","IGN Residence Colombo","Colombo","Scored 9.8","9.8","IGN Residence Colombo is a recently renovated guest house in Colombo, near Bambalapitiya Beach. This guest house features free private parking, a 24-hour front desk, and free Wifi.","· 23 reviews","Value for money 9.6","Opens in new window","Show prices","Exceptional","Show on map","https://cf.bstatic.com/xdata/images/hotel/square600/681462368.webp?k=e034233d8d642891e3218713b38dff8956102d19466b7cd7d0dc743d208adeca&o="
"1777055575-3","https://www.booking.com/searchresults.html?label=bristol-XLwodozx2dVe8Ts0XeYuawS752260715469%3Apl%3Ata%3Ap1%3Ap2%3Aac%3Aap%3Aneg%3Afi%3Atikwd-869815001187%3Alp1009919%3Ali%3Adec%3Adm%3Appccp%3DUmFuZG9tSVYkc2RlIyh9YXdX6HrtnYy-Ml68sH-ljtU&aid=311984&dest_id=198&dest_type=country&group_adults=2&req_adults=2&no_rooms=1&broad_search_not_eligible=1&order=score&nflt=ht_id%3D204%3Bht_id%3D213%3Bht_id%3D216%3Bht_id%3D220%3Bht_id%3D221%3Btop_destinations%3D5510%3Bpopular_nearby_landmarks%3D900053661%3Bpopular_nearby_landmarks%3D900070379%3Bpopular_nearby_landmarks%3D900069601%3Bpopular_nearby_landmarks%3D900059529%3Bpopular_nearby_landmarks%3D900069602%3Bpopular_nearby_landmarks%3D900069603","","VAUX Park Street Hotel - A collection of 8 luxury lofts","Colombo","Scored 9.7","9.7","A good location for a hassle-free holiday in Colombo, VAUX Park Street Hotel - A collection of 8 luxury lofts is a condo hotel surrounded by views of the city.","· 304 reviews","Value for money 9.5","Opens in new window","Show prices","Exceptional","Show on map","https://cf.bstatic.com/xdata/images/hotel/square600/497563792.webp?k=697ed5e5a75247bad3525fbb7a56521176661594920b1f37e1c1b68fbd4c7a4b&o="
"1777055575-4","https://www.booking.com/searchresults.html?label=bristol-XLwodozx2dVe8Ts0XeYuawS752260715469%3Apl%3Ata%3Ap1%3Ap2%3Aac%3Aap%3Aneg%3Afi%3Atikwd-869815001187%3Alp1009919%3Ali%3Adec%3Adm%3Appccp%3DUmFuZG9tSVYkc2RlIyh9YXdX6HrtnYy-Ml68sH-ljtU&aid=311984&dest_id=198&dest_type=country&group_adults=2&req_adults=2&no_rooms=1&broad_search_not_eligible=1&order=score&nflt=ht_id%3D204%3Bht_id%3D213%3Bht_id%3D216%3Bht_id%3D220%3Bht_id%3D221%3Btop_destinations%3D5510%3Bpopular_nearby_landmarks%3D900053661%3Bpopular_nearby_landmarks%3D900070379%3Bpopular_nearby_landmarks%3D900069601%3Bpopular_nearby_landmarks%3D900059529%3Bpopular_nearby_landmarks%3D900069602%3Bpopular_nearby_landmarks%3D900069603","","Maniumpathy Hotel","Borella, Colombo","Scored 9.5","9.5","Maniumpathy Hotel has a garden, a shared lounge and a sun terrace with swimming pool and continental breakfast in Colombo.","· 195 reviews","Value for money 9.0","Opens in new window","Show prices","Exceptional","Show on map","https://cf.bstatic.com/xdata/images/hotel/square600/758781850.webp?k=6744e5279917db6ac1cbc4ae5cf7632ca0f90c7dd73a4b05649411bc25236ef3&o="
"1777055575-5","https://www.booking.com/searchresults.html?label=bristol-XLwodozx2dVe8Ts0XeYuawS752260715469%3Apl%3Ata%3Ap1%3Ap2%3Aac%3Aap%3Aneg%3Afi%3Atikwd-869815001187%3Alp1009919%3Ali%3Adec%3Adm%3Appccp%3DUmFuZG9tSVYkc2RlIyh9YXdX6HrtnYy-Ml68sH-ljtU&aid=311984&dest_id=198&dest_type=country&group_adults=2&req_adults=2&no_rooms=1&broad_search_not_eligible=1&order=score&nflt=ht_id%3D204%3Bht_id%3D213%3Bht_id%3D216%3Bht_id%3D220%3Bht_id%3D221%3Btop_destinations%3D5510%3Bpopular_nearby_landmarks%3D900053661%3Bpopular_nearby_landmarks%3D900070379%3Bpopular_nearby_landmarks%3D900069601%3Bpopular_nearby_landmarks%3D900059529%3Bpopular_nearby_landmarks%3D900069602%3Bpopular_nearby_landmarks%3D900069603","","Jetwing Ratnam Residence","Colombo","Scored 9.5","9.5","Located within 2.1 miles of Bambalapitiya Railway Station and 3.5 miles of R Premadasa Stadium, Jetwing Ratnam Residence has rooms in Colombo.","· 29 reviews","Value for money 9.7","Opens in new window","Show prices","Exceptional","Show on map","https://cf.bstatic.com/xdata/images/hotel/square600/741531637.webp?k=7c0b0edd8adce5dfb773555dd300143f2f00598fb99a88fa051e10b85248894b&o="
"1777055575-6","https://www.booking.com/searchresults.html?label=bristol-XLwodozx2dVe8Ts0XeYuawS752260715469%3Apl%3Ata%3Ap1%3Ap2%3Aac%3Aap%3Aneg%3Afi%3Atikwd-869815001187%3Alp1009919%3Ali%3Adec%3Adm%3Appccp%3DUmFuZG9tSVYkc2RlIyh9YXdX6HrtnYy-Ml68sH-ljtU&aid=311984&dest_id=198&dest_type=country&group_adults=2&req_adults=2&no_rooms=1&broad_search_not_eligible=1&order=score&nflt=ht_id%3D204%3Bht_id%3D213%3Bht_id%3D216%3Bht_id%3D220%3Bht_id%3D221%3Btop_destinations%3D5510%3Bpopular_nearby_landmarks%3D900053661%3Bpopular_nearby_landmarks%3D900070379%3Bpopular_nearby_landmarks%3D900069601%3Bpopular_nearby_landmarks%3D900059529%3Bpopular_nearby_landmarks%3D900069602%3Bpopular_nearby_landmarks%3D900069603","","Platinum 1","Colombo","Scored 9.4","9.4","Platinum 1 is located in Colombo, just 3.1 miles from Khan Clock Tower and 4.2 miles from R Premadasa Stadium. With city views, this accommodation features a swimming pool.","· 31 reviews","Value for money 9.2","Opens in new window","Show prices","Wonderful","Show on map","https://cf.bstatic.com/xdata/images/hotel/square600/479721258.webp?k=64711b411262cdd2b5839a576e486eb895bc1f188f2890ed83f2a9819a6e9af8&o="
"1777055575-7","https://www.booking.com/searchresults.html?label=bristol-XLwodozx2dVe8Ts0XeYuawS752260715469%3Apl%3Ata%3Ap1%3Ap2%3Aac%3Aap%3Aneg%3Afi%3Atikwd-869815001187%3Alp1009919%3Ali%3Adec%3Adm%3Appccp%3DUmFuZG9tSVYkc2RlIyh9YXdX6HrtnYy-Ml68sH-ljtU&aid=311984&dest_id=198&dest_type=country&group_adults=2&req_adults=2&no_rooms=1&broad_search_not_eligible=1&order=score&nflt=ht_id%3D204%3Bht_id%3D213%3Bht_id%3D216%3Bht_id%3D220%3Bht_id%3D221%3Btop_destinations%3D5510%3Bpopular_nearby_landmarks%3D900053661%3Bpopular_nearby_landmarks%3D900070379%3Bpopular_nearby_landmarks%3D900069601%3Bpopular_nearby_landmarks%3D900059529%3Bpopular_nearby_landmarks%3D900069602%3Bpopular_nearby_landmarks%3D900069603","","De Saram House by Geoffrey Bawa","Cinnamon Gardens, Colombo","Scored 9.2","9.2","Conveniently set in the Cinnamon Gardens district of Colombo, De Saram House by Geoffrey Bawa is located 1.8 miles from Kollupitiya Beach, 2.8 miles from Bambalapitiya Railway Station and 2.9 miles...","· 481 reviews","Value for money 8.9","Opens in new window","Show prices","Wonderful","Show on map","https://cf.bstatic.com/xdata/images/hotel/square600/248939562.webp?k=c5fb4ea68e57cba0fc20274e4c12a80830457fcc284fdffcf6547439ffc43d16&o="
"1777055575-8","https://www.booking.com/searchresults.html?label=bristol-XLwodozx2dVe8Ts0XeYuawS752260715469%3Apl%3Ata%3Ap1%3Ap2%3Aac%3Aap%3Aneg%3Afi%3Atikwd-869815001187%3Alp1009919%3Ali%3Adec%3Adm%3Appccp%3DUmFuZG9tSVYkc2RlIyh9YXdX6HrtnYy-Ml68sH-ljtU&aid=311984&dest_id=198&dest_type=country&group_adults=2&req_adults=2&no_rooms=1&broad_search_not_eligible=1&order=score&nflt=ht_id%3D204%3Bht_id%3D213%3Bht_id%3D216%3Bht_id%3D220%3Bht_id%3D221%3Btop_destinations%3D5510%3Bpopular_nearby_landmarks%3D900053661%3Bpopular_nearby_landmarks%3D900070379%3Bpopular_nearby_landmarks%3D900069601%3Bpopular_nearby_landmarks%3D900059529%3Bpopular_nearby_landmarks%3D900069602%3Bpopular_nearby_landmarks%3D900069603","","Seilan","Colombo","Scored 9.1","9.1","Located in Colombo, a 17-minute walk from Kollupitiya Beach, Seilan provides accommodations with a garden, free private parking, a terrace and a restaurant.","· 194 reviews","Value for money 9.3","Opens in new window","Show prices","Wonderful","Show on map","https://cf.bstatic.com/xdata/images/hotel/square600/729515087.webp?k=0d49f65a03a361524d7b62c4738e4fe265b21271af6dd70a56e2b0f7da1209ea&o="
"1777055575-9","https://www.booking.com/searchresults.html?label=bristol-XLwodozx2dVe8Ts0XeYuawS752260715469%3Apl%3Ata%3Ap1%3Ap2%3Aac%3Aap%3Aneg%3Afi%3Atikwd-869815001187%3Alp1009919%3Ali%3Adec%3Adm%3Appccp%3DUmFuZG9tSVYkc2RlIyh9YXdX6HrtnYy-Ml68sH-ljtU&aid=311984&dest_id=198&dest_type=country&group_adults=2&req_adults=2&no_rooms=1&broad_search_not_eligible=1&order=score&nflt=ht_id%3D204%3Bht_id%3D213%3Bht_id%3D216%3Bht_id%3D220%3Bht_id%3D221%3Btop_destinations%3D5510%3Bpopular_nearby_landmarks%3D900053661%3Bpopular_nearby_landmarks%3D900070379%3Bpopular_nearby_landmarks%3D900069601%3Bpopular_nearby_landmarks%3D900059529%3Bpopular_nearby_landmarks%3D900069602%3Bpopular_nearby_landmarks%3D900069603","","Taprobane House","Colombo","Scored 9.1","9.1","Located in Colombo, a 2-minute walk from Bambalapitiya Beach, Taprobane House provides accommodations with an outdoor swimming pool, free private parking, a terrace and a restaurant.","· 871 reviews","Value for money 9.0","Opens in new window","Show prices","Wonderful","Show on map","https://cf.bstatic.com/xdata/images/hotel/square600/521056491.webp?k=03837ffb00ca656a1e20acf1fa86fcb7c99e4e640c1db4849590b47325ccc7fb&o="
"1777055575-10","https://www.booking.com/searchresults.html?label=bristol-XLwodozx2dVe8Ts0XeYuawS752260715469%3Apl%3Ata%3Ap1%3Ap2%3Aac%3Aap%3Aneg%3Afi%3Atikwd-869815001187%3Alp1009919%3Ali%3Adec%3Adm%3Appccp%3DUmFuZG9tSVYkc2RlIyh9YXdX6HrtnYy-Ml68sH-ljtU&aid=311984&dest_id=198&dest_type=country&group_adults=2&req_adults=2&no_rooms=1&broad_search_not_eligible=1&order=score&nflt=ht_id%3D204%3Bht_id%3D213%3Bht_id%3D216%3Bht_id%3D220%3Bht_id%3D221%3Btop_destinations%3D5510%3Bpopular_nearby_landmarks%3D900053661%3Bpopular_nearby_landmarks%3D900070379%3Bpopular_nearby_landmarks%3D900069601%3Bpopular_nearby_landmarks%3D900059529%3Bpopular_nearby_landmarks%3D900069602%3Bpopular_nearby_landmarks%3D900069603","","Cinnamon Life at City of Dreams","Colombo","Scored 9.0","9.0","Located in Colombo, a 8-minute walk from Galle Face Beach, Cinnamon Life at City of Dreams has accommodations with an outdoor swimming pool, free private parking and a bar.","· 1,542 reviews","Value for money 8.8","Opens in new window","Show prices","Wonderful","Show on map","https://cf.bstatic.com/xdata/images/hotel/square600/588945741.webp?k=9cdf94ab82a7670b16bc08613a783ca56d0c6bd943d267a7a29fa08771ebcf36&o="
"1777055575-11","https://www.booking.com/searchresults.html?label=bristol-XLwodozx2dVe8Ts0XeYuawS752260715469%3Apl%3Ata%3Ap1%3Ap2%3Aac%3Aap%3Aneg%3Afi%3Atikwd-869815001187%3Alp1009919%3Ali%3Adec%3Adm%3Appccp%3DUmFuZG9tSVYkc2RlIyh9YXdX6HrtnYy-Ml68sH-ljtU&aid=311984&dest_id=198&dest_type=country&group_adults=2&req_adults=2&no_rooms=1&broad_search_not_eligible=1&order=score&nflt=ht_id%3D204%3Bht_id%3D213%3Bht_id%3D216%3Bht_id%3D220%3Bht_id%3D221%3Btop_destinations%3D5510%3Bpopular_nearby_landmarks%3D900053661%3Bpopular_nearby_landmarks%3D900070379%3Bpopular_nearby_landmarks%3D900069601%3Bpopular_nearby_landmarks%3D900059529%3Bpopular_nearby_landmarks%3D900069602%3Bpopular_nearby_landmarks%3D900069603","","ITC Ratnadipa, a Luxury Collection Hotel, Colombo","Colombo","Scored 9.0","9.0","ITC Ratnadipa, a Luxury Collection Hotel, Colombo features an outdoor swimming pool, shared lounge, a terrace and bar in Colombo.","· 823 reviews","Value for money 8.7","Opens in new window","Show prices","Wonderful","Show on map","https://cf.bstatic.com/xdata/images/hotel/square600/548877514.webp?k=6bcebfb87f13ba389949319e829a712440cdf5549650e85fd5c7a195c31c827c&o="
"1777055575-12","https://www.booking.com/searchresults.html?label=bristol-XLwodozx2dVe8Ts0XeYuawS752260715469%3Apl%3Ata%3Ap1%3Ap2%3Aac%3Aap%3Aneg%3Afi%3Atikwd-869815001187%3Alp1009919%3Ali%3Adec%3Adm%3Appccp%3DUmFuZG9tSVYkc2RlIyh9YXdX6HrtnYy-Ml68sH-ljtU&aid=311984&dest_id=198&dest_type=country&group_adults=2&req_adults=2&no_rooms=1&broad_search_not_eligible=1&order=score&nflt=ht_id%3D204%3Bht_id%3D213%3Bht_id%3D216%3Bht_id%3D220%3Bht_id%3D221%3Btop_destinations%3D5510%3Bpopular_nearby_landmarks%3D900053661%3Bpopular_nearby_landmarks%3D900070379%3Bpopular_nearby_landmarks%3D900069601%3Bpopular_nearby_landmarks%3D900059529%3Bpopular_nearby_landmarks%3D900069602%3Bpopular_nearby_landmarks%3D900069603","","Jetwing Colombo Seven","Cinnamon Gardens, Colombo","Scored 9.0","9.0","Located in the heart of Colombo, Ward Place, 1.5 mi from U.S. Embassy, Jetwing Colombo Seven features a year-round rooftop pool.","· 886 reviews","Value for money 8.8","Opens in new window","Show prices","Wonderful","Show on map","https://cf.bstatic.com/xdata/images/hotel/square600/236552903.webp?k=af7e456a258a3737accc11ee557321d7a63cd071e4f734f0ec33c0c08ada2260&o="
"1777055575-13","https://www.booking.com/searchresults.html?label=bristol-XLwodozx2dVe8Ts0XeYuawS752260715469%3Apl%3Ata%3Ap1%3Ap2%3Aac%3Aap%3Aneg%3Afi%3Atikwd-869815001187%3Alp1009919%3Ali%3Adec%3Adm%3Appccp%3DUmFuZG9tSVYkc2RlIyh9YXdX6HrtnYy-Ml68sH-ljtU&aid=311984&dest_id=198&dest_type=country&group_adults=2&req_adults=2&no_rooms=1&broad_search_not_eligible=1&order=score&nflt=ht_id%3D204%3Bht_id%3D213%3Bht_id%3D216%3Bht_id%3D220%3Bht_id%3D221%3Btop_destinations%3D5510%3Bpopular_nearby_landmarks%3D900053661%3Bpopular_nearby_landmarks%3D900070379%3Bpopular_nearby_landmarks%3D900069601%3Bpopular_nearby_landmarks%3D900059529%3Bpopular_nearby_landmarks%3D900069602%3Bpopular_nearby_landmarks%3D900069603","","Zylan Colombo","Cinnamon Gardens, Colombo","Scored 8.9","8.9","Located half a mile from Odel Shopping Mall, Zylan Colombo features a fitness center and outdoor pool. It includes free Wi-Fi throughout the building. Free parking is available.","· 534 reviews","Value for money 8.8","Opens in new window","Show prices","Excellent","Show on map","https://cf.bstatic.com/xdata/images/hotel/square600/127865382.webp?k=15923b8d48ac7d4a576b152682ab68fc0661a3234c3b0e58b643c69e81b83a2d&o="
"1777055575-14","https://www.booking.com/searchresults.html?label=bristol-XLwodozx2dVe8Ts0XeYuawS752260715469%3Apl%3Ata%3Ap1%3Ap2%3Aac%3Aap%3Aneg%3Afi%3Atikwd-869815001187%3Alp1009919%3Ali%3Adec%3Adm%3Appccp%3DUmFuZG9tSVYkc2RlIyh9YXdX6HrtnYy-Ml68sH-ljtU&aid=311984&dest_id=198&dest_type=country&group_adults=2&req_adults=2&no_rooms=1&broad_search_not_eligible=1&order=score&nflt=ht_id%3D204%3Bht_id%3D213%3Bht_id%3D216%3Bht_id%3D220%3Bht_id%3D221%3Btop_destinations%3D5510%3Bpopular_nearby_landmarks%3D900053661%3Bpopular_nearby_landmarks%3D900070379%3Bpopular_nearby_landmarks%3D900069601%3Bpopular_nearby_landmarks%3D900059529%3Bpopular_nearby_landmarks%3D900069602%3Bpopular_nearby_landmarks%3D900069603","","Colombo Villa","Cinnamon Gardens, Colombo","Scored 8.9","8.9","Located in Colombo, Colombo Villa features free WiFi, a garden and year-round outdoor pool. U.S. Embassy is 0.9 mi away. Free private parking is available on site.","· 239 reviews","Value for money 8.5","Opens in new window","Show prices","Excellent","Show on map","https://cf.bstatic.com/xdata/images/hotel/square600/206831766.webp?k=d87c519c481607c1db0288d499018f923f7e4e88b92e7a5869acf6715d928c79&o="
"1777055575-15","https://www.booking.com/searchresults.html?label=bristol-XLwodozx2dVe8Ts0XeYuawS752260715469%3Apl%3Ata%3Ap1%3Ap2%3Aac%3Aap%3Aneg%3Afi%3Atikwd-869815001187%3Alp1009919%3Ali%3Adec%3Adm%3Appccp%3DUmFuZG9tSVYkc2RlIyh9YXdX6HrtnYy-Ml68sH-ljtU&aid=311984&dest_id=198&dest_type=country&group_adults=2&req_adults=2&no_rooms=1&broad_search_not_eligible=1&order=score&nflt=ht_id%3D204%3Bht_id%3D213%3Bht_id%3D216%3Bht_id%3D220%3Bht_id%3D221%3Btop_destinations%3D5510%3Bpopular_nearby_landmarks%3D900053661%3Bpopular_nearby_landmarks%3D900070379%3Bpopular_nearby_landmarks%3D900069601%3Bpopular_nearby_landmarks%3D900059529%3Bpopular_nearby_landmarks%3D900069602%3Bpopular_nearby_landmarks%3D900069603","","The Dutch Burgher Union - DBU Colombo 4","Colombo","Scored 8.9","8.9","Just a 10-minute walk from Bambalapitiya Beach and 0.6 miles from Bambalapitiya Railway Station, The Dutch Burgher Union - DBU Colombo 4 features accommodations in Colombo, with a garden, a terrace,...","· 43 reviews","","Opens in new window","Show prices","Excellent","Show on map","https://cf.bstatic.com/xdata/images/hotel/square600/428976913.webp?k=0ccc2e6fe64d29a8ea2fd4a83c19d6fab656aad5f7b793f886912fc56ff12aba&o="
"1777055575-16","https://www.booking.com/searchresults.html?label=bristol-XLwodozx2dVe8Ts0XeYuawS752260715469%3Apl%3Ata%3Ap1%3Ap2%3Aac%3Aap%3Aneg%3Afi%3Atikwd-869815001187%3Alp1009919%3Ali%3Adec%3Adm%3Appccp%3DUmFuZG9tSVYkc2RlIyh9YXdX6HrtnYy-Ml68sH-ljtU&aid=311984&dest_id=198&dest_type=country&group_adults=2&req_adults=2&no_rooms=1&broad_search_not_eligible=1&order=score&nflt=ht_id%3D204%3Bht_id%3D213%3Bht_id%3D216%3Bht_id%3D220%3Bht_id%3D221%3Btop_destinations%3D5510%3Bpopular_nearby_landmarks%3D900053661%3Bpopular_nearby_landmarks%3D900070379%3Bpopular_nearby_landmarks%3D900069601%3Bpopular_nearby_landmarks%3D900059529%3Bpopular_nearby_landmarks%3D900069602%3Bpopular_nearby_landmarks%3D900069603","","Alankara Retreats Colombo 07","Cinnamon Gardens, Colombo","Scored 8.9","8.9","Located in Colombo and with Bambalapitiya Railway Station reachable within 2.6 miles, Alankara Retreats Colombo 07 provides concierge services, non-smoking rooms, a shared lounge, free WiFi throughout...","· 42 reviews","Value for money 9.3","Opens in new window","Show prices","Excellent","Show on map","https://cf.bstatic.com/xdata/images/hotel/square600/797351043.webp?k=3b249b8c63fbb117cf25104fa9b50a42da1388cf89c825524424f97dbf241a60&o="
"1777055575-17","https://www.booking.com/searchresults.html?label=bristol-XLwodozx2dVe8Ts0XeYuawS752260715469%3Apl%3Ata%3Ap1%3Ap2%3Aac%3Aap%3Aneg%3Afi%3Atikwd-869815001187%3Alp1009919%3Ali%3Adec%3Adm%3Appccp%3DUmFuZG9tSVYkc2RlIyh9YXdX6HrtnYy-Ml68sH-ljtU&aid=311984&dest_id=198&dest_type=country&group_adults=2&req_adults=2&no_rooms=1&broad_search_not_eligible=1&order=score&nflt=ht_id%3D204%3Bht_id%3D213%3Bht_id%3D216%3Bht_id%3D220%3Bht_id%3D221%3Btop_destinations%3D5510%3Bpopular_nearby_landmarks%3D900053661%3Bpopular_nearby_landmarks%3D900070379%3Bpopular_nearby_landmarks%3D900069601%3Bpopular_nearby_landmarks%3D900059529%3Bpopular_nearby_landmarks%3D900069602%3Bpopular_nearby_landmarks%3D900069603","","Granny's House","Colombo","Scored 8.8","8.8","Located in Colombo, a 11-minute walk from Bambalapitiya Beach, Granny's House has accommodations with a garden, free private parking, a shared lounge and a terrace.","· 177 reviews","Value for money 9.1","Opens in new window","Show prices","Excellent","Show on map","https://cf.bstatic.com/xdata/images/hotel/square600/726808765.webp?k=22b734ad1ca926f5066c6bbdf3a0c5aec52fb1c8c7d2634f4a9052e3da0011bf&o="
"1777055575-18","https://www.booking.com/searchresults.html?label=bristol-XLwodozx2dVe8Ts0XeYuawS752260715469%3Apl%3Ata%3Ap1%3Ap2%3Aac%3Aap%3Aneg%3Afi%3Atikwd-869815001187%3Alp1009919%3Ali%3Adec%3Adm%3Appccp%3DUmFuZG9tSVYkc2RlIyh9YXdX6HrtnYy-Ml68sH-ljtU&aid=311984&dest_id=198&dest_type=country&group_adults=2&req_adults=2&no_rooms=1&broad_search_not_eligible=1&order=score&nflt=ht_id%3D204%3Bht_id%3D213%3Bht_id%3D216%3Bht_id%3D220%3Bht_id%3D221%3Btop_destinations%3D5510%3Bpopular_nearby_landmarks%3D900053661%3Bpopular_nearby_landmarks%3D900070379%3Bpopular_nearby_landmarks%3D900069601%3Bpopular_nearby_landmarks%3D900059529%3Bpopular_nearby_landmarks%3D900069602%3Bpopular_nearby_landmarks%3D900069603","","Paradise Road Tintagel Colombo","Cinnamon Gardens, Colombo","Scored 8.8","8.8","A Timeless Retreat in the Heart of Colombo – A Residence Chosen by Royalty Impeccably designed and renowned for its privacy, generous space, and exceptional service, Paradise Road Tintagel Colombo is...","· 150 reviews","Location 9.3","Opens in new window","Show prices","Excellent","Show on map","https://cf.bstatic.com/xdata/images/hotel/square600/233756574.webp?k=28dbafb2f748d8e04a3687e2773c6a0303c2c7f76995ca95f16b7add31f40d34&o="
"1777055575-19","https://www.booking.com/searchresults.html?label=bristol-XLwodozx2dVe8Ts0XeYuawS752260715469%3Apl%3Ata%3Ap1%3Ap2%3Aac%3Aap%3Aneg%3Afi%3Atikwd-869815001187%3Alp1009919%3Ali%3Adec%3Adm%3Appccp%3DUmFuZG9tSVYkc2RlIyh9YXdX6HrtnYy-Ml68sH-ljtU&aid=311984&dest_id=198&dest_type=country&group_adults=2&req_adults=2&no_rooms=1&broad_search_not_eligible=1&order=score&nflt=ht_id%3D204%3Bht_id%3D213%3Bht_id%3D216%3Bht_id%3D220%3Bht_id%3D221%3Btop_destinations%3D5510%3Bpopular_nearby_landmarks%3D900053661%3Bpopular_nearby_landmarks%3D900070379%3Bpopular_nearby_landmarks%3D900069601%3Bpopular_nearby_landmarks%3D900059529%3Bpopular_nearby_landmarks%3D900069602%3Bpopular_nearby_landmarks%3D900069603","","Shangri-La Colombo","Colombo","Scored 8.8","8.8","Shangri-La Colombo presents a new level of luxury in the city. Located in the heart of the business and entertainment district, the hotel offers the various collection of guestrooms with stunning...","· 1,664 reviews","Location 9.4","Opens in new window","Show prices","Excellent","Show on map","https://cf.bstatic.com/xdata/images/hotel/square600/295690735.webp?k=c885260202b92c1e8bad8def105f8bb49f0402ed93083f3ae9fa87fcb1616348&o="
"1777055575-20","https://www.booking.com/searchresults.html?label=bristol-XLwodozx2dVe8Ts0XeYuawS752260715469%3Apl%3Ata%3Ap1%3Ap2%3Aac%3Aap%3Aneg%3Afi%3Atikwd-869815001187%3Alp1009919%3Ali%3Adec%3Adm%3Appccp%3DUmFuZG9tSVYkc2RlIyh9YXdX6HrtnYy-Ml68sH-ljtU&aid=311984&dest_id=198&dest_type=country&group_adults=2&req_adults=2&no_rooms=1&broad_search_not_eligible=1&order=score&nflt=ht_id%3D204%3Bht_id%3D213%3Bht_id%3D216%3Bht_id%3D220%3Bht_id%3D221%3Btop_destinations%3D5510%3Bpopular_nearby_landmarks%3D900053661%3Bpopular_nearby_landmarks%3D900070379%3Bpopular_nearby_landmarks%3D900069601%3Bpopular_nearby_landmarks%3D900059529%3Bpopular_nearby_landmarks%3D900069602%3Bpopular_nearby_landmarks%3D900069603","","Hilton Colombo Hotel","Fort, Colombo","Scored 8.7","8.7","Overlooking the Indian Ocean and Beira Lake, Hilton Colombo Hotel offers direct access to Colombo’s World Trade Center. It features an outdoor pool, 24-hour business center and 10 dining outlets.","· 970 reviews","Location 9.3","Opens in new window","Show prices","Excellent","Show on map","https://cf.bstatic.com/xdata/images/hotel/square600/521337940.webp?k=cb44867cb344cc19842dffa67660880f72df0306ab1b8d8f53df08fc176c675b&o="
"1777055575-21","https://www.booking.com/searchresults.html?label=bristol-XLwodozx2dVe8Ts0XeYuawS752260715469%3Apl%3Ata%3Ap1%3Ap2%3Aac%3Aap%3Aneg%3Afi%3Atikwd-869815001187%3Alp1009919%3Ali%3Adec%3Adm%3Appccp%3DUmFuZG9tSVYkc2RlIyh9YXdX6HrtnYy-Ml68sH-ljtU&aid=311984&dest_id=198&dest_type=country&group_adults=2&req_adults=2&no_rooms=1&broad_search_not_eligible=1&order=score&nflt=ht_id%3D204%3Bht_id%3D213%3Bht_id%3D216%3Bht_id%3D220%3Bht_id%3D221%3Btop_destinations%3D5510%3Bpopular_nearby_landmarks%3D900053661%3Bpopular_nearby_landmarks%3D900070379%3Bpopular_nearby_landmarks%3D900069601%3Bpopular_nearby_landmarks%3D900059529%3Bpopular_nearby_landmarks%3D900069602%3Bpopular_nearby_landmarks%3D900069603","","MaRadha Colombo","Colombo","Scored 8.7","8.7","Located in Colombo, a few steps from Bambalapitiya Beach, MaRadha Colombo has accommodations with an outdoor swimming pool, free private parking, a fitness center and a terrace.","· 2,097 reviews","Value for money 8.6","Opens in new window","Show prices","Excellent","Show on map","https://cf.bstatic.com/xdata/images/hotel/square600/366871789.webp?k=e8532176fb22d20edd2a75c44b67c390bce1955e93d0c75e798612a2c624583f&o="
"1777055575-22","https://www.booking.com/searchresults.html?label=bristol-XLwodozx2dVe8Ts0XeYuawS752260715469%3Apl%3Ata%3Ap1%3Ap2%3Aac%3Aap%3Aneg%3Afi%3Atikwd-869815001187%3Alp1009919%3Ali%3Adec%3Adm%3Appccp%3DUmFuZG9tSVYkc2RlIyh9YXdX6HrtnYy-Ml68sH-ljtU&aid=311984&dest_id=198&dest_type=country&group_adults=2&req_adults=2&no_rooms=1&broad_search_not_eligible=1&order=score&nflt=ht_id%3D204%3Bht_id%3D213%3Bht_id%3D216%3Bht_id%3D220%3Bht_id%3D221%3Btop_destinations%3D5510%3Bpopular_nearby_landmarks%3D900053661%3Bpopular_nearby_landmarks%3D900070379%3Bpopular_nearby_landmarks%3D900069601%3Bpopular_nearby_landmarks%3D900059529%3Bpopular_nearby_landmarks%3D900069602%3Bpopular_nearby_landmarks%3D900069603","","The Den 23","Maradana","Scored 8.7","8.7","Located in Maradana, 2.1 miles from R Premadasa Stadium, The Den 23 provides accommodations with a shared lounge, free private parking, a terrace and a restaurant.","· 1,849 reviews","Value for money 8.8","Opens in new window","Show prices","Excellent","Show on map","https://cf.bstatic.com/xdata/images/hotel/square600/287743512.webp?k=2c802448dcbfc7f8ce14f2ae0c4591299e461555f711c4a9270ce61ea9810064&o="
"1777055575-23","https://www.booking.com/searchresults.html?label=bristol-XLwodozx2dVe8Ts0XeYuawS752260715469%3Apl%3Ata%3Ap1%3Ap2%3Aac%3Aap%3Aneg%3Afi%3Atikwd-869815001187%3Alp1009919%3Ali%3Adec%3Adm%3Appccp%3DUmFuZG9tSVYkc2RlIyh9YXdX6HrtnYy-Ml68sH-ljtU&aid=311984&dest_id=198&dest_type=country&group_adults=2&req_adults=2&no_rooms=1&broad_search_not_eligible=1&order=score&nflt=ht_id%3D204%3Bht_id%3D213%3Bht_id%3D216%3Bht_id%3D220%3Bht_id%3D221%3Btop_destinations%3D5510%3Bpopular_nearby_landmarks%3D900053661%3Bpopular_nearby_landmarks%3D900070379%3Bpopular_nearby_landmarks%3D900069601%3Bpopular_nearby_landmarks%3D900059529%3Bpopular_nearby_landmarks%3D900069602%3Bpopular_nearby_landmarks%3D900069603","","Courtyard by Marriott Colombo","Colombo","Scored 8.7","8.7","Located in Colombo, a 19-minute walk from Galle Face Beach, Courtyard by Marriott Colombo has accommodations with an outdoor swimming pool, free private parking, a fitness center and a terrace.","· 376 reviews","","Opens in new window","Show prices","Excellent","Show on map","https://cf.bstatic.com/xdata/images/hotel/square600/422110164.webp?k=2869bf1637628dab3847fe0e06b23544ea0ba2b8c1096f4527c930dc2b7e6d17&o="
"1777055575-24","https://www.booking.com/searchresults.html?label=bristol-XLwodozx2dVe8Ts0XeYuawS752260715469%3Apl%3Ata%3Ap1%3Ap2%3Aac%3Aap%3Aneg%3Afi%3Atikwd-869815001187%3Alp1009919%3Ali%3Adec%3Adm%3Appccp%3DUmFuZG9tSVYkc2RlIyh9YXdX6HrtnYy-Ml68sH-ljtU&aid=311984&dest_id=198&dest_type=country&group_adults=2&req_adults=2&no_rooms=1&broad_search_not_eligible=1&order=score&nflt=ht_id%3D204%3Bht_id%3D213%3Bht_id%3D216%3Bht_id%3D220%3Bht_id%3D221%3Btop_destinations%3D5510%3Bpopular_nearby_landmarks%3D900053661%3Bpopular_nearby_landmarks%3D900070379%3Bpopular_nearby_landmarks%3D900069601%3Bpopular_nearby_landmarks%3D900059529%3Bpopular_nearby_landmarks%3D900069602%3Bpopular_nearby_landmarks%3D900069603","","Galle Face Hotel","Kollupitiya, Colombo","Scored 8.6","8.6","This iconic and colonial-style hotel, built in 1864, features a spa and a saltwater pool with lounge chairs that faces the vast Indian Ocean.","· 1,594 reviews","Location 9.6","Opens in new window","Show prices","Excellent","Show on map","https://cf.bstatic.com/xdata/images/hotel/square600/102283928.webp?k=b5a67e1086b4586e1ac5d3d84ff91febd16b55b229dd212b498777682b47fdef&o="
"1777055575-25","https://www.booking.com/searchresults.html?label=bristol-XLwodozx2dVe8Ts0XeYuawS752260715469%3Apl%3Ata%3Ap1%3Ap2%3Aac%3Aap%3Aneg%3Afi%3Atikwd-869815001187%3Alp1009919%3Ali%3Adec%3Adm%3Appccp%3DUmFuZG9tSVYkc2RlIyh9YXdX6HrtnYy-Ml68sH-ljtU&aid=311984&dest_id=198&dest_type=country&group_adults=2&req_adults=2&no_rooms=1&broad_search_not_eligible=1&order=score&nflt=ht_id%3D204%3Bht_id%3D213%3Bht_id%3D216%3Bht_id%3D220%3Bht_id%3D221%3Btop_destinations%3D5510%3Bpopular_nearby_landmarks%3D900053661%3Bpopular_nearby_landmarks%3D900070379%3Bpopular_nearby_landmarks%3D900069601%3Bpopular_nearby_landmarks%3D900059529%3Bpopular_nearby_landmarks%3D900069602%3Bpopular_nearby_landmarks%3D900069603","","Colombo Court Hotel & Spa","Colombo","Scored 8.6","8.6","Nestled in the heart of Colombo City, a boutique Colombo Court Hotel & Spa is just a 15-minute walk from MC Shopping Mall.","· 560 reviews","Value for money 8.6","Opens in new window","Show prices","Excellent","Show on map","https://cf.bstatic.com/xdata/images/hotel/square600/248758550.webp?k=0200c9c020f652d08dfd1632b669d2fc091992ad3aa0306b9480fe54e822d5f2&o="
"1777055575-26","https://www.booking.com/searchresults.html?label=bristol-XLwodozx2dVe8Ts0XeYuawS752260715469%3Apl%3Ata%3Ap1%3Ap2%3Aac%3Aap%3Aneg%3Afi%3Atikwd-869815001187%3Alp1009919%3Ali%3Adec%3Adm%3Appccp%3DUmFuZG9tSVYkc2RlIyh9YXdX6HrtnYy-Ml68sH-ljtU&aid=311984&dest_id=198&dest_type=country&group_adults=2&req_adults=2&no_rooms=1&broad_search_not_eligible=1&order=score&nflt=ht_id%3D204%3Bht_id%3D213%3Bht_id%3D216%3Bht_id%3D220%3Bht_id%3D221%3Btop_destinations%3D5510%3Bpopular_nearby_landmarks%3D900053661%3Bpopular_nearby_landmarks%3D900070379%3Bpopular_nearby_landmarks%3D900069601%3Bpopular_nearby_landmarks%3D900059529%3Bpopular_nearby_landmarks%3D900069602%3Bpopular_nearby_landmarks%3D900069603","","Lavonca Boutique Hotel","Kollupitiya, Colombo","Scored 8.6","8.6","Located in Colombo, a 12-minute walk from Kollupitiya Beach, Lavonca Boutique Hotel has accommodations with a terrace, free private parking and a restaurant.","· 1,473 reviews","","Opens in new window","Show prices","Excellent","Show on map","https://cf.bstatic.com/xdata/images/hotel/square600/168455623.webp?k=0e187f6b6778664f544415d19b537c6d6f6eda48c43bbc1bc4fb175d233b25c2&o="
"1777055575-27","https://www.booking.com/searchresults.html?label=bristol-XLwodozx2dVe8Ts0XeYuawS752260715469%3Apl%3Ata%3Ap1%3Ap2%3Aac%3Aap%3Aneg%3Afi%3Atikwd-869815001187%3Alp1009919%3Ali%3Adec%3Adm%3Appccp%3DUmFuZG9tSVYkc2RlIyh9YXdX6HrtnYy-Ml68sH-ljtU&aid=311984&dest_id=198&dest_type=country&group_adults=2&req_adults=2&no_rooms=1&broad_search_not_eligible=1&order=score&nflt=ht_id%3D204%3Bht_id%3D213%3Bht_id%3D216%3Bht_id%3D220%3Bht_id%3D221%3Btop_destinations%3D5510%3Bpopular_nearby_landmarks%3D900053661%3Bpopular_nearby_landmarks%3D900070379%3Bpopular_nearby_landmarks%3D900069601%3Bpopular_nearby_landmarks%3D900059529%3Bpopular_nearby_landmarks%3D900069602%3Bpopular_nearby_landmarks%3D900069603","","Serendipity","Colombo","Scored 8.6","8.6","Located in Colombo and within a few steps of Milagiriya Beach, Serendipity has a shared lounge, non-smoking rooms, and free WiFi.","· 17 reviews","Location 9.7","Opens in new window","Show prices","Excellent","Show on map","https://cf.bstatic.com/xdata/images/hotel/square600/819871348.webp?k=9b1a2a296884a696e96b78db3a3f45f3c2f6266ece5eae932acbb2a3cb77bc99&o="
"1777055575-28","https://www.booking.com/searchresults.html?label=bristol-XLwodozx2dVe8Ts0XeYuawS752260715469%3Apl%3Ata%3Ap1%3Ap2%3Aac%3Aap%3Aneg%3Afi%3Atikwd-869815001187%3Alp1009919%3Ali%3Adec%3Adm%3Appccp%3DUmFuZG9tSVYkc2RlIyh9YXdX6HrtnYy-Ml68sH-ljtU&aid=311984&dest_id=198&dest_type=country&group_adults=2&req_adults=2&no_rooms=1&broad_search_not_eligible=1&order=score&nflt=ht_id%3D204%3Bht_id%3D213%3Bht_id%3D216%3Bht_id%3D220%3Bht_id%3D221%3Btop_destinations%3D5510%3Bpopular_nearby_landmarks%3D900053661%3Bpopular_nearby_landmarks%3D900070379%3Bpopular_nearby_landmarks%3D900069601%3Bpopular_nearby_landmarks%3D900059529%3Bpopular_nearby_landmarks%3D900069602%3Bpopular_nearby_landmarks%3D900069603","","Cinnamon Grand Colombo","Kollupitiya, Colombo","Scored 8.5","8.5","Cinnamon Grand Colombo is a luxurious 5-stars city hotel located in the centerer of Colombo and in the heart of tourist and commercial hubs like the World Trade Center, National Museum and Iconic...","· 1,467 reviews","","Opens in new window","Show prices","Very Good","Show on map","https://cf.bstatic.com/xdata/images/hotel/square600/543025919.webp?k=3a4ea9c81ba4257f6d4eb9bec158b6ae73de81679e0a38764587576349ab7d8c&o="
"1777055575-29","https://www.booking.com/searchresults.html?label=bristol-XLwodozx2dVe8Ts0XeYuawS752260715469%3Apl%3Ata%3Ap1%3Ap2%3Aac%3Aap%3Aneg%3Afi%3Atikwd-869815001187%3Alp1009919%3Ali%3Adec%3Adm%3Appccp%3DUmFuZG9tSVYkc2RlIyh9YXdX6HrtnYy-Ml68sH-ljtU&aid=311984&dest_id=198&dest_type=country&group_adults=2&req_adults=2&no_rooms=1&broad_search_not_eligible=1&order=score&nflt=ht_id%3D204%3Bht_id%3D213%3Bht_id%3D216%3Bht_id%3D220%3Bht_id%3D221%3Btop_destinations%3D5510%3Bpopular_nearby_landmarks%3D900053661%3Bpopular_nearby_landmarks%3D900070379%3Bpopular_nearby_landmarks%3D900069601%3Bpopular_nearby_landmarks%3D900059529%3Bpopular_nearby_landmarks%3D900069602%3Bpopular_nearby_landmarks%3D900069603","","Nuwa Sri Lanka at City of Dreams","Colombo","Scored 8.5","8.5","Facing the beachfront, Nuwa Sri Lanka at City of Dreams offers 5-star accommodations in Colombo and has an outdoor swimming pool, fitness center and restaurant.","· 16 reviews","Value for money 8.6","Opens in new window","Show prices","Very Good","Show on map","https://cf.bstatic.com/xdata/images/hotel/square600/697917860.webp?k=96e8e7a5f252ee7971e55c33c63908fd00cc378d8bf5f24b11de107469d2bbdb&o="
"1777055575-30","https://www.booking.com/searchresults.html?label=bristol-XLwodozx2dVe8Ts0XeYuawS752260715469%3Apl%3Ata%3Ap1%3Ap2%3Aac%3Aap%3Aneg%3Afi%3Atikwd-869815001187%3Alp1009919%3Ali%3Adec%3Adm%3Appccp%3DUmFuZG9tSVYkc2RlIyh9YXdX6HrtnYy-Ml68sH-ljtU&aid=311984&dest_id=198&dest_type=country&group_adults=2&req_adults=2&no_rooms=1&broad_search_not_eligible=1&order=score&nflt=ht_id%3D204%3Bht_id%3D213%3Bht_id%3D216%3Bht_id%3D220%3Bht_id%3D221%3Btop_destinations%3D5510%3Bpopular_nearby_landmarks%3D900053661%3Bpopular_nearby_landmarks%3D900070379%3Bpopular_nearby_landmarks%3D900069601%3Bpopular_nearby_landmarks%3D900059529%3Bpopular_nearby_landmarks%3D900069602%3Bpopular_nearby_landmarks%3D900069603","","City Stay By Sunrise","Colombo","Scored 8.4","8.4","City Stay By Sunrise offers accommodations in Colombo, 2.4 miles from Khan Clock Tower and 2.7 miles from Bambalapitiya Railway Station. Featuring city views, this guest house also includes free Wifi....","· 956 reviews","","Opens in new window","Show prices","Very Good","Show on map","https://cf.bstatic.com/xdata/images/hotel/square600/440469224.webp?k=c5bf4ac0fe2bb698ad6310bea607cbbb8e939cebc07b729d644965bbe9224423&o="
"1777055575-31","https://www.booking.com/searchresults.html?label=bristol-XLwodozx2dVe8Ts0XeYuawS752260715469%3Apl%3Ata%3Ap1%3Ap2%3Aac%3Aap%3Aneg%3Afi%3Atikwd-869815001187%3Alp1009919%3Ali%3Adec%3Adm%3Appccp%3DUmFuZG9tSVYkc2RlIyh9YXdX6HrtnYy-Ml68sH-ljtU&aid=311984&dest_id=198&dest_type=country&group_adults=2&req_adults=2&no_rooms=1&broad_search_not_eligible=1&order=score&nflt=ht_id%3D204%3Bht_id%3D213%3Bht_id%3D216%3Bht_id%3D220%3Bht_id%3D221%3Btop_destinations%3D5510%3Bpopular_nearby_landmarks%3D900053661%3Bpopular_nearby_landmarks%3D900070379%3Bpopular_nearby_landmarks%3D900069601%3Bpopular_nearby_landmarks%3D900059529%3Bpopular_nearby_landmarks%3D900069602%3Bpopular_nearby_landmarks%3D900069603","","Heritage Villa colombo7","Cinnamon Gardens, Colombo","Scored 8.4","8.4","Heritage Villa colombo7 in Colombo provides adults-only accommodations with a garden and a shared lounge. With garden views, this accommodation provides a terrace.","· 359 reviews","Value for money 8.8","Opens in new window","Show prices","Very Good","Show on map","https://cf.bstatic.com/xdata/images/hotel/square600/433782825.webp?k=bd8e1413700ee952799540d3a79980cce1a7a724fd360ae780ad75566d40fd03&o="
"1777055575-32","https://www.booking.com/searchresults.html?label=bristol-XLwodozx2dVe8Ts0XeYuawS752260715469%3Apl%3Ata%3Ap1%3Ap2%3Aac%3Aap%3Aneg%3Afi%3Atikwd-869815001187%3Alp1009919%3Ali%3Adec%3Adm%3Appccp%3DUmFuZG9tSVYkc2RlIyh9YXdX6HrtnYy-Ml68sH-ljtU&aid=311984&dest_id=198&dest_type=country&group_adults=2&req_adults=2&no_rooms=1&broad_search_not_eligible=1&order=score&nflt=ht_id%3D204%3Bht_id%3D213%3Bht_id%3D216%3Bht_id%3D220%3Bht_id%3D221%3Btop_destinations%3D5510%3Bpopular_nearby_landmarks%3D900053661%3Bpopular_nearby_landmarks%3D900070379%3Bpopular_nearby_landmarks%3D900069601%3Bpopular_nearby_landmarks%3D900059529%3Bpopular_nearby_landmarks%3D900069602%3Bpopular_nearby_landmarks%3D900069603","","Taj Samudra, Colombo","Colombo","Scored 8.3","8.3","Taj Samudra, Colombo offers rooms overlooking the Indian Ocean or city skyline. It features an outdoor pool, 7 dining options and tennis courts.","· 683 reviews","Location 9.4","Opens in new window","Show prices","Very Good","Show on map","https://cf.bstatic.com/xdata/images/hotel/square600/32900441.webp?k=6576252c49b6684703ec003fb8a4fe6bd2fe1990a0fc1df4ce5efd9ca25d219b&o="
"1777055575-33","https://www.booking.com/searchresults.html?label=bristol-XLwodozx2dVe8Ts0XeYuawS752260715469%3Apl%3Ata%3Ap1%3Ap2%3Aac%3Aap%3Aneg%3Afi%3Atikwd-869815001187%3Alp1009919%3Ali%3Adec%3Adm%3Appccp%3DUmFuZG9tSVYkc2RlIyh9YXdX6HrtnYy-Ml68sH-ljtU&aid=311984&dest_id=198&dest_type=country&group_adults=2&req_adults=2&no_rooms=1&broad_search_not_eligible=1&order=score&nflt=ht_id%3D204%3Bht_id%3D213%3Bht_id%3D216%3Bht_id%3D220%3Bht_id%3D221%3Btop_destinations%3D5510%3Bpopular_nearby_landmarks%3D900053661%3Bpopular_nearby_landmarks%3D900070379%3Bpopular_nearby_landmarks%3D900069601%3Bpopular_nearby_landmarks%3D900059529%3Bpopular_nearby_landmarks%3D900069602%3Bpopular_nearby_landmarks%3D900069603","","Cinnamon Lakeside","Fort, Colombo","Scored 8.2","8.2","Cinnamon Lakeside is located along the banks of Beira Lake in Colombo, 10 minutes’ drive from Crescat Boulevard shopping mall. It features 9 dining options and a full-service health club.","· 1,488 reviews","","Opens in new window","Show prices","Very Good","Show on map","https://cf.bstatic.com/xdata/images/hotel/square600/112518656.webp?k=7b6536e4ea9d50cfbd58b3723b71b25b1d2dd137f55b51bacbc623ac4465cd1b&o="
"1777055575-34","https://www.booking.com/searchresults.html?label=bristol-XLwodozx2dVe8Ts0XeYuawS752260715469%3Apl%3Ata%3Ap1%3Ap2%3Aac%3Aap%3Aneg%3Afi%3Atikwd-869815001187%3Alp1009919%3Ali%3Adec%3Adm%3Appccp%3DUmFuZG9tSVYkc2RlIyh9YXdX6HrtnYy-Ml68sH-ljtU&aid=311984&dest_id=198&dest_type=country&group_adults=2&req_adults=2&no_rooms=1&broad_search_not_eligible=1&order=score&nflt=ht_id%3D204%3Bht_id%3D213%3Bht_id%3D216%3Bht_id%3D220%3Bht_id%3D221%3Btop_destinations%3D5510%3Bpopular_nearby_landmarks%3D900053661%3Bpopular_nearby_landmarks%3D900070379%3Bpopular_nearby_landmarks%3D900069601%3Bpopular_nearby_landmarks%3D900059529%3Bpopular_nearby_landmarks%3D900069602%3Bpopular_nearby_landmarks%3D900069603","","Marine Bay Colombo","Colombo","Scored 8.2","8.2","Marine Bay Colombo is located on the beachfront in Colombo, a few steps from Bambalapitiya Beach and a 4-minute walk from Bambalapitiya Railway Station.","· 269 reviews","","Opens in new window","Show prices","Very Good","Show on map","https://cf.bstatic.com/xdata/images/hotel/square600/654098143.webp?k=1280aebb7e40fa2a128110e5577929f4f65cc871316c7914aa7c71c913936b60&o="
"1777055575-35","https://www.booking.com/searchresults.html?label=bristol-XLwodozx2dVe8Ts0XeYuawS752260715469%3Apl%3Ata%3Ap1%3Ap2%3Aac%3Aap%3Aneg%3Afi%3Atikwd-869815001187%3Alp1009919%3Ali%3Adec%3Adm%3Appccp%3DUmFuZG9tSVYkc2RlIyh9YXdX6HrtnYy-Ml68sH-ljtU&aid=311984&dest_id=198&dest_type=country&group_adults=2&req_adults=2&no_rooms=1&broad_search_not_eligible=1&order=score&nflt=ht_id%3D204%3Bht_id%3D213%3Bht_id%3D216%3Bht_id%3D220%3Bht_id%3D221%3Btop_destinations%3D5510%3Bpopular_nearby_landmarks%3D900053661%3Bpopular_nearby_landmarks%3D900070379%3Bpopular_nearby_landmarks%3D900069601%3Bpopular_nearby_landmarks%3D900059529%3Bpopular_nearby_landmarks%3D900069602%3Bpopular_nearby_landmarks%3D900069603","","Mandarina Colombo","Colombo","Scored 8.0","8.0","Strategically located in Colombo and only 0.9 mi from the U.S Embassy, Mandarina Colombo offers modern and comfortable accommodations with free WiFi access throughout the property.","· 158 reviews","","Opens in new window","Show prices","Very Good","Show on map","https://cf.bstatic.com/xdata/images/hotel/square600/89622709.webp?k=245ea2084d4805d5342646dcdbb3f6b892b2faeb27b3f26b5eb96f98fcf2496b&o="
"1777055575-36","https://www.booking.com/searchresults.html?label=bristol-XLwodozx2dVe8Ts0XeYuawS752260715469%3Apl%3Ata%3Ap1%3Ap2%3Aac%3Aap%3Aneg%3Afi%3Atikwd-869815001187%3Alp1009919%3Ali%3Adec%3Adm%3Appccp%3DUmFuZG9tSVYkc2RlIyh9YXdX6HrtnYy-Ml68sH-ljtU&aid=311984&dest_id=198&dest_type=country&group_adults=2&req_adults=2&no_rooms=1&broad_search_not_eligible=1&order=score&nflt=ht_id%3D204%3Bht_id%3D213%3Bht_id%3D216%3Bht_id%3D220%3Bht_id%3D221%3Btop_destinations%3D5510%3Bpopular_nearby_landmarks%3D900053661%3Bpopular_nearby_landmarks%3D900070379%3Bpopular_nearby_landmarks%3D900069601%3Bpopular_nearby_landmarks%3D900059529%3Bpopular_nearby_landmarks%3D900069602%3Bpopular_nearby_landmarks%3D900069603","","Hotel Nippon Colombo","Colombo","Scored 7.9","7.9","Hotel Nippon Colombo offers accommodations in Colombo. Guests can enjoy the on-site bar. Free WiFi is featured throughout the property and free private parking is available on site.","· 546 reviews","","Opens in new window","Show prices","Good","Show on map","https://cf.bstatic.com/xdata/images/hotel/square600/222945851.webp?k=6c34e9fa0ffeeb445504b851e27f36cef5465060b184d0fff6fe91fc8b4c0772&o="
"1777055575-37","https://www.booking.com/searchresults.html?label=bristol-XLwodozx2dVe8Ts0XeYuawS752260715469%3Apl%3Ata%3Ap1%3Ap2%3Aac%3Aap%3Aneg%3Afi%3Atikwd-869815001187%3Alp1009919%3Ali%3Adec%3Adm%3Appccp%3DUmFuZG9tSVYkc2RlIyh9YXdX6HrtnYy-Ml68sH-ljtU&aid=311984&dest_id=198&dest_type=country&group_adults=2&req_adults=2&no_rooms=1&broad_search_not_eligible=1&order=score&nflt=ht_id%3D204%3Bht_id%3D213%3Bht_id%3D216%3Bht_id%3D220%3Bht_id%3D221%3Btop_destinations%3D5510%3Bpopular_nearby_landmarks%3D900053661%3Bpopular_nearby_landmarks%3D900070379%3Bpopular_nearby_landmarks%3D900069601%3Bpopular_nearby_landmarks%3D900059529%3Bpopular_nearby_landmarks%3D900069602%3Bpopular_nearby_landmarks%3D900069603","","Rockwell Colombo","Borella, Colombo","Scored 7.8","7.8","Located in the heart of Colombo, Rockwell Colombo features modern and comfortable accommodations with free Wi-Fi access in the entire property.","· 250 reviews","","Opens in new window","Show prices","Good","Show on map","https://cf.bstatic.com/xdata/images/hotel/square600/380716546.webp?k=9fc14fda42d1e4378f2f2a9ac3379d1fc075911f570f7d61f546e07fccf4cde2&o="
"1777055575-38","https://www.booking.com/searchresults.html?label=bristol-XLwodozx2dVe8Ts0XeYuawS752260715469%3Apl%3Ata%3Ap1%3Ap2%3Aac%3Aap%3Aneg%3Afi%3Atikwd-869815001187%3Alp1009919%3Ali%3Adec%3Adm%3Appccp%3DUmFuZG9tSVYkc2RlIyh9YXdX6HrtnYy-Ml68sH-ljtU&aid=311984&dest_id=198&dest_type=country&group_adults=2&req_adults=2&no_rooms=1&broad_search_not_eligible=1&order=score&nflt=ht_id%3D204%3Bht_id%3D213%3Bht_id%3D216%3Bht_id%3D220%3Bht_id%3D221%3Btop_destinations%3D5510%3Bpopular_nearby_landmarks%3D900053661%3Bpopular_nearby_landmarks%3D900070379%3Bpopular_nearby_landmarks%3D900069601%3Bpopular_nearby_landmarks%3D900059529%3Bpopular_nearby_landmarks%3D900069602%3Bpopular_nearby_landmarks%3D900069603","","Palmyrah Residencies","Colombo","Scored 7.8","7.8","Located in Colombo, a few steps from Bambalapitiya Beach, Palmyrah Residencies has accommodations with a shared lounge, free private parking and a terrace.","· 591 reviews","","Opens in new window","Show prices","Good","Show on map","https://cf.bstatic.com/xdata/images/hotel/square600/487626129.webp?k=fbac0fb4535c06f1e92d0c9407628cab1733cf282a4596820aaaa4f6060f652b&o="
"1777055575-39","https://www.booking.com/searchresults.html?label=bristol-XLwodozx2dVe8Ts0XeYuawS752260715469%3Apl%3Ata%3Ap1%3Ap2%3Aac%3Aap%3Aneg%3Afi%3Atikwd-869815001187%3Alp1009919%3Ali%3Adec%3Adm%3Appccp%3DUmFuZG9tSVYkc2RlIyh9YXdX6HrtnYy-Ml68sH-ljtU&aid=311984&dest_id=198&dest_type=country&group_adults=2&req_adults=2&no_rooms=1&broad_search_not_eligible=1&order=score&nflt=ht_id%3D204%3Bht_id%3D213%3Bht_id%3D216%3Bht_id%3D220%3Bht_id%3D221%3Btop_destinations%3D5510%3Bpopular_nearby_landmarks%3D900053661%3Bpopular_nearby_landmarks%3D900070379%3Bpopular_nearby_landmarks%3D900069601%3Bpopular_nearby_landmarks%3D900059529%3Bpopular_nearby_landmarks%3D900069602%3Bpopular_nearby_landmarks%3D900069603","","Trillium Boutique City Hotel","Colombo","Scored 7.5","7.5","Set 2625 feet from Bandaranaike Memorial International Conference Hall, Trillium Boutique City Hotel features rooms with air conditioning in Colombo.","· 1,354 reviews","","Opens in new window","Show prices","Good","Show on map","https://cf.bstatic.com/xdata/images/hotel/square600/336307822.webp?k=92cd9da8af21a1d6960feeead16ca983b8298064604d593ce10a8f1c7a93c6f3&o="
"1777055575-40","https://www.booking.com/searchresults.html?label=bristol-XLwodozx2dVe8Ts0XeYuawS752260715469%3Apl%3Ata%3Ap1%3Ap2%3Aac%3Aap%3Aneg%3Afi%3Atikwd-869815001187%3Alp1009919%3Ali%3Adec%3Adm%3Appccp%3DUmFuZG9tSVYkc2RlIyh9YXdX6HrtnYy-Ml68sH-ljtU&aid=311984&dest_id=198&dest_type=country&group_adults=2&req_adults=2&no_rooms=1&broad_search_not_eligible=1&order=score&nflt=ht_id%3D204%3Bht_id%3D213%3Bht_id%3D216%3Bht_id%3D220%3Bht_id%3D221%3Btop_destinations%3D5510%3Bpopular_nearby_landmarks%3D900053661%3Bpopular_nearby_landmarks%3D900070379%3Bpopular_nearby_landmarks%3D900069601%3Bpopular_nearby_landmarks%3D900059529%3Bpopular_nearby_landmarks%3D900069602%3Bpopular_nearby_landmarks%3D900069603","","City Hotel Colombo 02","Colombo","Scored 7.4","7.4","Located in Colombo, a 15-minute walk from Galle Face Beach, City Hotel Colombo 02 has accommodations with a shared lounge, free private parking and a terrace.","· 1,298 reviews","","Opens in new window","Show prices","Good","Show on map","https://cf.bstatic.com/xdata/images/hotel/square600/159979279.webp?k=d00971c5565b948f2af1c01b4a7effe5b2a223eea44da59a3dd7c52cf759c4de&o="
"1777055575-41","https://www.booking.com/searchresults.html?label=bristol-XLwodozx2dVe8Ts0XeYuawS752260715469%3Apl%3Ata%3Ap1%3Ap2%3Aac%3Aap%3Aneg%3Afi%3Atikwd-869815001187%3Alp1009919%3Ali%3Adec%3Adm%3Appccp%3DUmFuZG9tSVYkc2RlIyh9YXdX6HrtnYy-Ml68sH-ljtU&aid=311984&dest_id=198&dest_type=country&group_adults=2&req_adults=2&no_rooms=1&broad_search_not_eligible=1&order=score&nflt=ht_id%3D204%3Bht_id%3D213%3Bht_id%3D216%3Bht_id%3D220%3Bht_id%3D221%3Btop_destinations%3D5510%3Bpopular_nearby_landmarks%3D900053661%3Bpopular_nearby_landmarks%3D900070379%3Bpopular_nearby_landmarks%3D900069601%3Bpopular_nearby_landmarks%3D900059529%3Bpopular_nearby_landmarks%3D900069602%3Bpopular_nearby_landmarks%3D900069603","","Ramada Colombo","Kollupitiya, Colombo","Scored 7.4","7.4","Ramada Colombo is located in the capital city of Sri Lanka, a 5-minute drive from Colombo Fort Railway Station. The hotel offers an outdoor pool, 2 restaurants and a bar. Free parking is available.","· 702 reviews","","Opens in new window","Show prices","Good","Show on map","https://cf.bstatic.com/xdata/images/hotel/square600/833428216.webp?k=df2e8efef5d77477823f48d8e556ae392859581d81ea2436ab7642ddf075d689&o="
"1777055575-42","https://www.booking.com/searchresults.html?label=bristol-XLwodozx2dVe8Ts0XeYuawS752260715469%3Apl%3Ata%3Ap1%3Ap2%3Aac%3Aap%3Aneg%3Afi%3Atikwd-869815001187%3Alp1009919%3Ali%3Adec%3Adm%3Appccp%3DUmFuZG9tSVYkc2RlIyh9YXdX6HrtnYy-Ml68sH-ljtU&aid=311984&dest_id=198&dest_type=country&group_adults=2&req_adults=2&no_rooms=1&broad_search_not_eligible=1&order=score&nflt=ht_id%3D204%3Bht_id%3D213%3Bht_id%3D216%3Bht_id%3D220%3Bht_id%3D221%3Btop_destinations%3D5510%3Bpopular_nearby_landmarks%3D900053661%3Bpopular_nearby_landmarks%3D900070379%3Bpopular_nearby_landmarks%3D900069601%3Bpopular_nearby_landmarks%3D900059529%3Bpopular_nearby_landmarks%3D900069602%3Bpopular_nearby_landmarks%3D900069603","","Artisan Villa","Borella, Colombo","Scored 7.3","7.3","Located in Colombo, 2.9 miles from Bambalapitiya Railway Station, Artisan Villa has accommodations with an outdoor swimming pool, free private parking, a garden and a shared lounge.","· 262 reviews","","Opens in new window","Show prices","Good","Show on map","https://cf.bstatic.com/xdata/images/hotel/square600/339583510.webp?k=68148a7df69842e2cb9984e444cb65420d9aa18000f4b91d96fc26301300eaa1&o="
"1777055575-43","https://www.booking.com/searchresults.html?label=bristol-XLwodozx2dVe8Ts0XeYuawS752260715469%3Apl%3Ata%3Ap1%3Ap2%3Aac%3Aap%3Aneg%3Afi%3Atikwd-869815001187%3Alp1009919%3Ali%3Adec%3Adm%3Appccp%3DUmFuZG9tSVYkc2RlIyh9YXdX6HrtnYy-Ml68sH-ljtU&aid=311984&dest_id=198&dest_type=country&group_adults=2&req_adults=2&no_rooms=1&broad_search_not_eligible=1&order=score&nflt=ht_id%3D204%3Bht_id%3D213%3Bht_id%3D216%3Bht_id%3D220%3Bht_id%3D221%3Btop_destinations%3D5510%3Bpopular_nearby_landmarks%3D900053661%3Bpopular_nearby_landmarks%3D900070379%3Bpopular_nearby_landmarks%3D900069601%3Bpopular_nearby_landmarks%3D900059529%3Bpopular_nearby_landmarks%3D900069602%3Bpopular_nearby_landmarks%3D900069603","","WISH RESIDENCE SeaSide, Near Durdans & Vasan eye care Hospital, Colombo 3","Colombo","Scored 7.1","7.1","Located in Colombo, within a few steps of Bambalapitiya Beach and a 11-minute walk of Bambalapitiya Railway Station, WISH RESIDENCE SeaSide, Near Durdans & Vasan eye care Hospital, Colombo 3 has...","· 231 reviews","","Opens in new window","Show prices","Good","Show on map","https://cf.bstatic.com/xdata/images/hotel/square600/258855653.webp?k=609bdde4c791d34d405025851d6314d5a95997567c47079bb54d48494b1fa77c&o="
"1777055575-44","https://www.booking.com/searchresults.html?label=bristol-XLwodozx2dVe8Ts0XeYuawS752260715469%3Apl%3Ata%3Ap1%3Ap2%3Aac%3Aap%3Aneg%3Afi%3Atikwd-869815001187%3Alp1009919%3Ali%3Adec%3Adm%3Appccp%3DUmFuZG9tSVYkc2RlIyh9YXdX6HrtnYy-Ml68sH-ljtU&aid=311984&dest_id=198&dest_type=country&group_adults=2&req_adults=2&no_rooms=1&broad_search_not_eligible=1&order=score&nflt=ht_id%3D204%3Bht_id%3D213%3Bht_id%3D216%3Bht_id%3D220%3Bht_id%3D221%3Btop_destinations%3D5510%3Bpopular_nearby_landmarks%3D900053661%3Bpopular_nearby_landmarks%3D900070379%3Bpopular_nearby_landmarks%3D900069601%3Bpopular_nearby_landmarks%3D900059529%3Bpopular_nearby_landmarks%3D900069602%3Bpopular_nearby_landmarks%3D900069603","","City Beds Colombo","Fort, Colombo","Scored 7.0","7.0","Well situated in Colombo, City Beds Colombo provides air-conditioned rooms with free WiFi and free private parking. This 2-star hotel offers a 24-hour front desk.","· 249 reviews","","Opens in new window","Show prices","Good","Show on map","https://cf.bstatic.com/xdata/images/hotel/square600/265618329.webp?k=5d511a7114a870bd8c1dee5ef026f1a599620671a06d35b9c0796ec2f008f78a&o="
"1777055575-45","https://www.booking.com/searchresults.html?label=bristol-XLwodozx2dVe8Ts0XeYuawS752260715469%3Apl%3Ata%3Ap1%3Ap2%3Aac%3Aap%3Aneg%3Afi%3Atikwd-869815001187%3Alp1009919%3Ali%3Adec%3Adm%3Appccp%3DUmFuZG9tSVYkc2RlIyh9YXdX6HrtnYy-Ml68sH-ljtU&aid=311984&dest_id=198&dest_type=country&group_adults=2&req_adults=2&no_rooms=1&broad_search_not_eligible=1&order=score&nflt=ht_id%3D204%3Bht_id%3D213%3Bht_id%3D216%3Bht_id%3D220%3Bht_id%3D221%3Btop_destinations%3D5510%3Bpopular_nearby_landmarks%3D900053661%3Bpopular_nearby_landmarks%3D900070379%3Bpopular_nearby_landmarks%3D900069601%3Bpopular_nearby_landmarks%3D900059529%3Bpopular_nearby_landmarks%3D900069602%3Bpopular_nearby_landmarks%3D900069603","","Victory colombo","Colombo","Scored 7.0","7.0","Located in Colombo, 1.8 miles from Milagiriya Beach, Victory colombo has air-conditioned accommodations and a shared lounge.","· 15 reviews","","Opens in new window","Show prices","Good","Show on map","https://cf.bstatic.com/xdata/images/hotel/square600/407837929.webp?k=2863abd484eac8b2a48b34d14478376a3e774211e94d64d5ec6ef443981edd31&o="
"1777055575-46","https://www.booking.com/searchresults.html?label=bristol-XLwodozx2dVe8Ts0XeYuawS752260715469%3Apl%3Ata%3Ap1%3Ap2%3Aac%3Aap%3Aneg%3Afi%3Atikwd-869815001187%3Alp1009919%3Ali%3Adec%3Adm%3Appccp%3DUmFuZG9tSVYkc2RlIyh9YXdX6HrtnYy-Ml68sH-ljtU&aid=311984&dest_id=198&dest_type=country&group_adults=2&req_adults=2&no_rooms=1&broad_search_not_eligible=1&order=score&nflt=ht_id%3D204%3Bht_id%3D213%3Bht_id%3D216%3Bht_id%3D220%3Bht_id%3D221%3Btop_destinations%3D5510%3Bpopular_nearby_landmarks%3D900053661%3Bpopular_nearby_landmarks%3D900070379%3Bpopular_nearby_landmarks%3D900069601%3Bpopular_nearby_landmarks%3D900059529%3Bpopular_nearby_landmarks%3D900069602%3Bpopular_nearby_landmarks%3D900069603","","Fairfield Villa Colombo","Borella, Colombo","Scored 6.8","6.8","Fairfield Villa Colombo offers accommodations in Colombo, 2.9 miles from R Premadasa Stadium and 3 miles from Bambalapitiya Railway Station.","· 9 reviews","","Opens in new window","Show prices","Review score","Show on map","https://cf.bstatic.com/xdata/images/hotel/square600/685280946.webp?k=15de484207a6ba758aac6fc8cc961d4bc249a1937660a4b4aa00ad36f495ad26&o="
"1777055575-47","https://www.booking.com/searchresults.html?label=bristol-XLwodozx2dVe8Ts0XeYuawS752260715469%3Apl%3Ata%3Ap1%3Ap2%3Aac%3Aap%3Aneg%3Afi%3Atikwd-869815001187%3Alp1009919%3Ali%3Adec%3Adm%3Appccp%3DUmFuZG9tSVYkc2RlIyh9YXdX6HrtnYy-Ml68sH-ljtU&aid=311984&dest_id=198&dest_type=country&group_adults=2&req_adults=2&no_rooms=1&broad_search_not_eligible=1&order=score&nflt=ht_id%3D204%3Bht_id%3D213%3Bht_id%3D216%3Bht_id%3D220%3Bht_id%3D221%3Btop_destinations%3D5510%3Bpopular_nearby_landmarks%3D900053661%3Bpopular_nearby_landmarks%3D900070379%3Bpopular_nearby_landmarks%3D900069601%3Bpopular_nearby_landmarks%3D900059529%3Bpopular_nearby_landmarks%3D900069602%3Bpopular_nearby_landmarks%3D900069603","","Pearl City Hotel","Colombo","Scored 6.7","6.7","In the commercial hub of Colombo, Pearl City Hotel operates a 24-hour front desk and features a business center for guests’ use.","· 67 reviews","","Opens in new window","Show prices","Review score","Show on map","https://cf.bstatic.com/xdata/images/hotel/square600/26930709.webp?k=5e6ab0c48644fcf17134edb085f19bd7260a429f937c328b422ea45acaeca30c&o="
"1777055575-48","https://www.booking.com/searchresults.html?label=bristol-XLwodozx2dVe8Ts0XeYuawS752260715469%3Apl%3Ata%3Ap1%3Ap2%3Aac%3Aap%3Aneg%3Afi%3Atikwd-869815001187%3Alp1009919%3Ali%3Adec%3Adm%3Appccp%3DUmFuZG9tSVYkc2RlIyh9YXdX6HrtnYy-Ml68sH-ljtU&aid=311984&dest_id=198&dest_type=country&group_adults=2&req_adults=2&no_rooms=1&broad_search_not_eligible=1&order=score&nflt=ht_id%3D204%3Bht_id%3D213%3Bht_id%3D216%3Bht_id%3D220%3Bht_id%3D221%3Btop_destinations%3D5510%3Bpopular_nearby_landmarks%3D900053661%3Bpopular_nearby_landmarks%3D900070379%3Bpopular_nearby_landmarks%3D900069601%3Bpopular_nearby_landmarks%3D900059529%3Bpopular_nearby_landmarks%3D900069602%3Bpopular_nearby_landmarks%3D900069603","","Trillium Boutique Express Hotel - Ward Place","Borella, Colombo","Scored 6.4","6.4","Located in Colombo, 2.8 miles from R Premadasa Stadium, Trillium Boutique Express Hotel - Ward Place has accommodations with an outdoor swimming pool, free private parking, a terrace and a restaurant....","· 169 reviews","","Opens in new window","Show prices","Review score","Show on map","https://cf.bstatic.com/xdata/images/hotel/square600/758305797.webp?k=305fba0905195c688ffac2963ad814e872e349e95c321a1f7a7255005887c8ca&o="
"1777055575-49","https://www.booking.com/searchresults.html?label=bristol-XLwodozx2dVe8Ts0XeYuawS752260715469%3Apl%3Ata%3Ap1%3Ap2%3Aac%3Aap%3Aneg%3Afi%3Atikwd-869815001187%3Alp1009919%3Ali%3Adec%3Adm%3Appccp%3DUmFuZG9tSVYkc2RlIyh9YXdX6HrtnYy-Ml68sH-ljtU&aid=311984&dest_id=198&dest_type=country&group_adults=2&req_adults=2&no_rooms=1&broad_search_not_eligible=1&order=score&nflt=ht_id%3D204%3Bht_id%3D213%3Bht_id%3D216%3Bht_id%3D220%3Bht_id%3D221%3Btop_destinations%3D5510%3Bpopular_nearby_landmarks%3D900053661%3Bpopular_nearby_landmarks%3D900070379%3Bpopular_nearby_landmarks%3D900069601%3Bpopular_nearby_landmarks%3D900059529%3Bpopular_nearby_landmarks%3D900069602%3Bpopular_nearby_landmarks%3D900069603","","Ocean Edge Suites & Hotel Colombo","Colombo","Scored 5.8","5.8","Set in Colombo, Ocean Edge Suites & Hotel Colombo overlooks the Indian Ocean. Guests can enjoy the on-site restaurant. Free private parking and WiFi is available on site.","· 69 reviews","","Opens in new window","Show prices","Review score","Show on map","https://cf.bstatic.com/xdata/images/hotel/square600/122023900.webp?k=8fc063116ebad165c6d0e55b175c5829c000adc65888660dd4e4489f3679c2b9&o="
"1777055575-50","https://www.booking.com/searchresults.html?label=bristol-XLwodozx2dVe8Ts0XeYuawS752260715469%3Apl%3Ata%3Ap1%3Ap2%3Aac%3Aap%3Aneg%3Afi%3Atikwd-869815001187%3Alp1009919%3Ali%3Adec%3Adm%3Appccp%3DUmFuZG9tSVYkc2RlIyh9YXdX6HrtnYy-Ml68sH-ljtU&aid=311984&dest_id=198&dest_type=country&group_adults=2&req_adults=2&no_rooms=1&broad_search_not_eligible=1&order=score&nflt=ht_id%3D204%3Bht_id%3D213%3Bht_id%3D216%3Bht_id%3D220%3Bht_id%3D221%3Btop_destinations%3D5510%3Bpopular_nearby_landmarks%3D900053661%3Bpopular_nearby_landmarks%3D900070379%3Bpopular_nearby_landmarks%3D900069601%3Bpopular_nearby_landmarks%3D900059529%3Bpopular_nearby_landmarks%3D900069602%3Bpopular_nearby_landmarks%3D900069603","","Pearl Grand By Rathna","Colombo","Scored 5.5","5.5","Located in Colombo, a 4-minute walk from Bambalapitiya Beach, Pearl Grand By Rathna provides accommodations with an outdoor swimming pool, free private parking, a fitness center and a terrace.","· 411 reviews","","Opens in new window","Show prices","Review score","Show on map","https://cf.bstatic.com/xdata/images/hotel/square600/384711090.webp?k=9a9ea8c6450c0e8f4df0597f8a70a712256a7f7c624e1f82fc18caeea3c85899&o="
"1777055575-51","https://www.booking.com/searchresults.html?label=bristol-XLwodozx2dVe8Ts0XeYuawS752260715469%3Apl%3Ata%3Ap1%3Ap2%3Aac%3Aap%3Aneg%3Afi%3Atikwd-869815001187%3Alp1009919%3Ali%3Adec%3Adm%3Appccp%3DUmFuZG9tSVYkc2RlIyh9YXdX6HrtnYy-Ml68sH-ljtU&aid=311984&dest_id=198&dest_type=country&group_adults=2&req_adults=2&no_rooms=1&broad_search_not_eligible=1&order=score&nflt=ht_id%3D204%3Bht_id%3D213%3Bht_id%3D216%3Bht_id%3D220%3Bht_id%3D221%3Btop_destinations%3D5510%3Bpopular_nearby_landmarks%3D900053661%3Bpopular_nearby_landmarks%3D900070379%3Bpopular_nearby_landmarks%3D900069601%3Bpopular_nearby_landmarks%3D900059529%3Bpopular_nearby_landmarks%3D900069602%3Bpopular_nearby_landmarks%3D900069603","","Beehive Inn Bambalapitiya","Colombo","Scored 4.3","4.3","Located within a 4-minute walk of Milagiriya Beach and half a mile of Bambalapitiya Railway Station, Beehive Inn Bambalapitiya provides rooms with air conditioning and a private bathroom in Colombo.","· 9 reviews","","Opens in new window","Show prices","Review score","Show on map","https://cf.bstatic.com/xdata/images/hotel/square600/809946164.webp?k=60b107dc67b9792cb8d50344f2107f4dfac273376edf8c07d2b39af08f0200ae&o="
"1777055575-52","https://www.booking.com/searchresults.html?label=bristol-XLwodozx2dVe8Ts0XeYuawS752260715469%3Apl%3Ata%3Ap1%3Ap2%3Aac%3Aap%3Aneg%3Afi%3Atikwd-869815001187%3Alp1009919%3Ali%3Adec%3Adm%3Appccp%3DUmFuZG9tSVYkc2RlIyh9YXdX6HrtnYy-Ml68sH-ljtU&aid=311984&dest_id=198&dest_type=country&group_adults=2&req_adults=2&no_rooms=1&broad_search_not_eligible=1&order=score&nflt=ht_id%3D204%3Bht_id%3D213%3Bht_id%3D216%3Bht_id%3D220%3Bht_id%3D221%3Btop_destinations%3D5510%3Bpopular_nearby_landmarks%3D900053661%3Bpopular_nearby_landmarks%3D900070379%3Bpopular_nearby_landmarks%3D900069601%3Bpopular_nearby_landmarks%3D900059529%3Bpopular_nearby_landmarks%3D900069602%3Bpopular_nearby_landmarks%3D900069603","","Sri Suryas Hotels","Colombo","","","Sri Suryas Hotels is located in Colombo, within 4.1 miles of Khan Clock Tower and 4.9 miles of R Premadasa Stadium.","","","Opens in new window","Show prices","","Show on map","https://cf.bstatic.com/xdata/images/hotel/square600/823041786.webp?k=da0a3bc886a3ff41add03bf946258a836e64dd4ed44283d5f0ae2844e85328db&o="
"1777055575-53","https://www.booking.com/searchresults.html?label=bristol-XLwodozx2dVe8Ts0XeYuawS752260715469%3Apl%3Ata%3Ap1%3Ap2%3Aac%3Aap%3Aneg%3Afi%3Atikwd-869815001187%3Alp1009919%3Ali%3Adec%3Adm%3Appccp%3DUmFuZG9tSVYkc2RlIyh9YXdX6HrtnYy-Ml68sH-ljtU&aid=311984&dest_id=198&dest_type=country&group_adults=2&req_adults=2&no_rooms=1&broad_search_not_eligible=1&order=score&nflt=ht_id%3D204%3Bht_id%3D213%3Bht_id%3D216%3Bht_id%3D220%3Bht_id%3D221%3Btop_destinations%3D5510%3Bpopular_nearby_landmarks%3D900053661%3Bpopular_nearby_landmarks%3D900070379%3Bpopular_nearby_landmarks%3D900069601%3Bpopular_nearby_landmarks%3D900059529%3Bpopular_nearby_landmarks%3D900069602%3Bpopular_nearby_landmarks%3D900069603","","Solace More Hotel - Borella 2","Borella, Colombo","","","Solace More Hotel - Borella 2 offers accommodations in Colombo, 3.5 miles from Khan Clock Tower and 18 miles from Leisure World.","","","Opens in new window","Show prices","","Show on map","https://cf.bstatic.com/xdata/images/hotel/square600/825507828.webp?k=9d8914f06c66b8b4385d35772108179c9887315a03055687fca6331d266507a2&o="
"1777055575-54","https://www.booking.com/searchresults.html?label=bristol-XLwodozx2dVe8Ts0XeYuawS752260715469%3Apl%3Ata%3Ap1%3Ap2%3Aac%3Aap%3Aneg%3Afi%3Atikwd-869815001187%3Alp1009919%3Ali%3Adec%3Adm%3Appccp%3DUmFuZG9tSVYkc2RlIyh9YXdX6HrtnYy-Ml68sH-ljtU&aid=311984&dest_id=198&dest_type=country&group_adults=2&req_adults=2&no_rooms=1&broad_search_not_eligible=1&order=score&nflt=ht_id%3D204%3Bht_id%3D213%3Bht_id%3D216%3Bht_id%3D220%3Bht_id%3D221%3Btop_destinations%3D5510%3Bpopular_nearby_landmarks%3D900053661%3Bpopular_nearby_landmarks%3D900070379%3Bpopular_nearby_landmarks%3D900069601%3Bpopular_nearby_landmarks%3D900059529%3Bpopular_nearby_landmarks%3D900069602%3Bpopular_nearby_landmarks%3D900069603","","Barans place","Cinnamon Gardens, Colombo","","","Just a 18-minute walk from National Art Gallery and one mile from Sinhalese Sports Club, Barans place features accommodations in Colombo, with a garden and a shared lounge.","","","Opens in new window","Show prices","","Show on map","https://cf.bstatic.com/xdata/images/hotel/square600/822243530.webp?k=f915602444f2bdd72678b05a43964f31558fc19ab29b8087e5e6ebb84264dc88&o="
"1777055575-55","https://www.booking.com/searchresults.html?label=bristol-XLwodozx2dVe8Ts0XeYuawS752260715469%3Apl%3Ata%3Ap1%3Ap2%3Aac%3Aap%3Aneg%3Afi%3Atikwd-869815001187%3Alp1009919%3Ali%3Adec%3Adm%3Appccp%3DUmFuZG9tSVYkc2RlIyh9YXdX6HrtnYy-Ml68sH-ljtU&aid=311984&dest_id=198&dest_type=country&group_adults=2&req_adults=2&no_rooms=1&broad_search_not_eligible=1&order=score&nflt=ht_id%3D204%3Bht_id%3D213%3Bht_id%3D216%3Bht_id%3D220%3Bht_id%3D221%3Btop_destinations%3D5510%3Bpopular_nearby_landmarks%3D900053661%3Bpopular_nearby_landmarks%3D900070379%3Bpopular_nearby_landmarks%3D900069601%3Bpopular_nearby_landmarks%3D900059529%3Bpopular_nearby_landmarks%3D900069602%3Bpopular_nearby_landmarks%3D900069603","","Trizen Skyline apartment, Colombo","Colombo","Scored 9.0","9.0","Trizen Skyline apartment, Colombo offers accommodations in Colombo, 1.9 miles from Khan Clock Tower and 2.7 miles from R Premadasa Stadium. This condo hotel provides accommodations with a balcony.","· 1 review","Value for money 10","Opens in new window","Show prices","Wonderful","Show on map","https://cf.bstatic.com/xdata/images/hotel/square600/731003260.webp?k=418a4055f135294a90b3dfbaedaf84a6445e778c3b6154e6f4f647713649a078&o="
"1777055575-56","https://www.booking.com/searchresults.html?label=bristol-XLwodozx2dVe8Ts0XeYuawS752260715469%3Apl%3Ata%3Ap1%3Ap2%3Aac%3Aap%3Aneg%3Afi%3Atikwd-869815001187%3Alp1009919%3Ali%3Adec%3Adm%3Appccp%3DUmFuZG9tSVYkc2RlIyh9YXdX6HrtnYy-Ml68sH-ljtU&aid=311984&dest_id=198&dest_type=country&group_adults=2&req_adults=2&no_rooms=1&broad_search_not_eligible=1&order=score&nflt=ht_id%3D204%3Bht_id%3D213%3Bht_id%3D216%3Bht_id%3D220%3Bht_id%3D221%3Btop_destinations%3D5510%3Bpopular_nearby_landmarks%3D900053661%3Bpopular_nearby_landmarks%3D900070379%3Bpopular_nearby_landmarks%3D900069601%3Bpopular_nearby_landmarks%3D900059529%3Bpopular_nearby_landmarks%3D900069602%3Bpopular_nearby_landmarks%3D900069603","","Park Street Suites - Colombo","Colombo","","","Featuring a shared lounge, restaurant and views of city, Park Street Suites - Colombo is located in Colombo, a 19-minute walk from Kollupitiya Beach.","","","Opens in new window","Show prices","","Show on map","https://cf.bstatic.com/xdata/images/hotel/square600/826903542.webp?k=df8bf6c70f755104820a66a6f989b311ee90887d935123176918d5e2cf2328dc&o="
"1777055575-57","https://www.booking.com/searchresults.html?label=bristol-XLwodozx2dVe8Ts0XeYuawS752260715469%3Apl%3Ata%3Ap1%3Ap2%3Aac%3Aap%3Aneg%3Afi%3Atikwd-869815001187%3Alp1009919%3Ali%3Adec%3Adm%3Appccp%3DUmFuZG9tSVYkc2RlIyh9YXdX6HrtnYy-Ml68sH-ljtU&aid=311984&dest_id=198&dest_type=country&group_adults=2&req_adults=2&no_rooms=1&broad_search_not_eligible=1&order=score&nflt=ht_id%3D204%3Bht_id%3D213%3Bht_id%3D216%3Bht_id%3D220%3Bht_id%3D221%3Btop_destinations%3D5510%3Bpopular_nearby_landmarks%3D900053661%3Bpopular_nearby_landmarks%3D900070379%3Bpopular_nearby_landmarks%3D900069601%3Bpopular_nearby_landmarks%3D900059529%3Bpopular_nearby_landmarks%3D900069602%3Bpopular_nearby_landmarks%3D900069603","","Kohomba Gaha Residencies Colombo 07","Colombo","Scored 9.8","9.8","Just a 15-minute walk from Sinhalese Sports Club and 1.1 miles from The Independence Square, Kohomba Gaha Residencies Colombo 07 features accommodations in Colombo, with barbecue facilities and a...","· 4 reviews","Value for money 10","Opens in new window","Show prices","Exceptional","Show on map","https://cf.bstatic.com/xdata/images/hotel/square600/832993723.webp?k=bb4a9c69e6d89bb395665f04d09b9d757f34c1715e7c20036731a753e64a414c&o="
"1777055575-58","https://www.booking.com/searchresults.html?label=bristol-XLwodozx2dVe8Ts0XeYuawS752260715469%3Apl%3Ata%3Ap1%3Ap2%3Aac%3Aap%3Aneg%3Afi%3Atikwd-869815001187%3Alp1009919%3Ali%3Adec%3Adm%3Appccp%3DUmFuZG9tSVYkc2RlIyh9YXdX6HrtnYy-Ml68sH-ljtU&aid=311984&dest_id=198&dest_type=country&group_adults=2&req_adults=2&no_rooms=1&broad_search_not_eligible=1&order=score&nflt=ht_id%3D204%3Bht_id%3D213%3Bht_id%3D216%3Bht_id%3D220%3Bht_id%3D221%3Btop_destinations%3D5510%3Bpopular_nearby_landmarks%3D900053661%3Bpopular_nearby_landmarks%3D900070379%3Bpopular_nearby_landmarks%3D900069601%3Bpopular_nearby_landmarks%3D900059529%3Bpopular_nearby_landmarks%3D900069602%3Bpopular_nearby_landmarks%3D900069603","","The Deane Residence Double Room","Cinnamon Gardens, Colombo","Scored 8.0","8.0","Just a 9-minute walk from National Art Gallery and 0.6 miles from Colombo Town Hall, The Deane Residence Double Room features accommodations in Colombo with a garden.","· 1 review","","Opens in new window","Show prices","Very Good","Show on map","https://cf.bstatic.com/xdata/images/hotel/square600/829936123.webp?k=4a7bb76473da304edf040878cae0877b6e2ebdaff009e657ad038e7b967556a4&o="
"1777055575-59","https://www.booking.com/searchresults.html?label=bristol-XLwodozx2dVe8Ts0XeYuawS752260715469%3Apl%3Ata%3Ap1%3Ap2%3Aac%3Aap%3Aneg%3Afi%3Atikwd-869815001187%3Alp1009919%3Ali%3Adec%3Adm%3Appccp%3DUmFuZG9tSVYkc2RlIyh9YXdX6HrtnYy-Ml68sH-ljtU&aid=311984&dest_id=198&dest_type=country&group_adults=2&req_adults=2&no_rooms=1&broad_search_not_eligible=1&order=score&nflt=ht_id%3D204%3Bht_id%3D213%3Bht_id%3D216%3Bht_id%3D220%3Bht_id%3D221%3Btop_destinations%3D5510%3Bpopular_nearby_landmarks%3D900053661%3Bpopular_nearby_landmarks%3D900070379%3Bpopular_nearby_landmarks%3D900069601%3Bpopular_nearby_landmarks%3D900059529%3Bpopular_nearby_landmarks%3D900069602%3Bpopular_nearby_landmarks%3D900069603","","Colombo Green Heaven","Cotta Road Railroad Station","","","Colombo Green Heaven offers accommodations in Cotta Road Railroad Station, 3.1 miles from Bambalapitiya Railway Station and 3.6 miles from R Premadasa Stadium.","","","Opens in new window","Show prices","","Show on map","https://cf.bstatic.com/xdata/images/hotel/square600/676088179.webp?k=be833edabe55d098bd2eb621277a814ee93c670b673b52700f26d009e1bfa0a2&o="
